{
    "wall": [
        0.0,
        0.0,
        0.5
    ],
    "floor": [
        0.0,
        0.0,
        0.7066115736961365
    ],
    "ceiling": [
        0.0,
        0.0,
        0.913223147392273
    ],
    "door": [
        0.0,
        0.04545454680919647,
        1.0
    ],
    "window": [
        0.0,
        0.22727273404598236,
        1.0
    ],
    "cabinet": [
        0.0,
        0.40909090638160706,
        1.0
    ],
    "shelf": [
        0.0,
        0.5909090638160706,
        1.0
    ],
    "table": [
        0.0,
        0.7727272510528564,
        1.0
    ],
    "chair": [
        0.043988268822431564,
        0.9545454382896423,
        0.9237536787986755
    ],
    "sofa": [
        0.19061583280563354,
        1.0,
        0.7771260738372803
    ],
    "desk": [
        0.3372434079647064,
        1.0,
        0.6304985284805298
    ],
    "counter": [
        0.4838709533214569,
        1.0,
        0.4838709533214569
    ],
    "curtain": [
        0.6304985284805298,
        1.0,
        0.3372434079647064
    ],
    "picture": [
        0.7771260738372803,
        1.0,
        0.19061583280563354
    ],
    "lamp": [
        0.9237536787986755,
        1.0,
        0.043988268822431564
    ],
    "tv": [
        1.0,
        0.8451178669929504,
        0.0
    ],
    "refrigerator": [
        1.0,
        0.6767676472663879,
        0.0
    ],
    "box": [
        1.0,
        0.5084174871444702,
        0.0
    ],
    "monitor": [
        1.0,
        0.3400673270225525,
        0.0
    ],
    "microwave": [
        1.0,
        0.17171716690063477,
        0.0
    ],
    "pillow": [
        0.913223147392273,
        0.003367003286257386,
        0.0
    ],
    "Fan": [
        0.7066115736961365,
        0.0,
        0.0
    ],
    "other": [
        0.5,
        0.0,
        0.0
    ]
}