{
  "npz": "/home/acm118/robot_ws/data/Util/Final_SEM_GS_converted.npz",
  "map_yaml": "/home/acm118/robot_ws/data/lab/kachaka_map.yaml",
  "floor_id": 2,
  "z_slice": [
    -0.5,
    1.0
  ],
  "scale_s": 0.9768863709188592,
  "yaw_rad": -0.07020744141584649,
  "yaw_deg": -4.022590083539985,
  "tx_m": -1.3361068355409809,
  "ty_m": 3.4280017476133255,
  "rmse_pixels": 14.293083608278605,
  "num_points_opt": 200000,
  "success": true,
  "message": "`ftol` termination condition is satisfied."
}